family,onpromotion,average_sales
AUTOMOTIVE,0,5.861714746100307
AUTOMOTIVE,1,12.233640552995391
AUTOMOTIVE,2,13.734317343173432
AUTOMOTIVE,3,16.305755395683452
AUTOMOTIVE,4,19.480392156862745
AUTOMOTIVE,5,20.39344262295082
AUTOMOTIVE,6,22.304347826086957
AUTOMOTIVE,7,21.0
AUTOMOTIVE,8,20.714285714285715
BABY CARE,0,0.11070150592966563
BABY CARE,1,1.6363636363636365
BEAUTY,0,3.0804006463629747
BEAUTY,1,8.15159741073293
BEAUTY,2,9.50531208499336
BEAUTY,3,7.023972602739726
BEAUTY,4,9.296703296703297
BEAUTY,5,14.142857142857142
BEAUTY,6,18.25
BEAUTY,7,18.0
BEAUTY,8,60.5
BEAUTY,9,61.0
BEAUTY,10,43.0
BEVERAGES,0,1290.3258455262032
BEVERAGES,1,2251.323224261772
BEVERAGES,2,2563.982088248143
BEVERAGES,3,2936.7904701798675
BEVERAGES,4,3082.4431718061674
BEVERAGES,5,3080.212593876372
BEVERAGES,6,3096.369993642721
BEVERAGES,7,3103.776634827333
BEVERAGES,8,3193.3624420401857
BEVERAGES,9,3117.0468998410174
BEVERAGES,10,3135.354281225452
BEVERAGES,11,3112.388839681134
BEVERAGES,12,2980.8293172690765
BEVERAGES,13,2981.1039076376555
BEVERAGES,14,2964.362735381566
BEVERAGES,15,2820.0037348272645
BEVERAGES,16,3036.528513238289
BEVERAGES,17,3121.6782786885246
BEVERAGES,18,3142.676117775354
BEVERAGES,19,3070.991179713341
BEVERAGES,20,3111.1586368977673
BEVERAGES,21,3142.451219512195
BEVERAGES,22,3138.1246882793016
BEVERAGES,23,3155.5018404907973
BEVERAGES,24,3426.558940397351
BEVERAGES,25,3484.368700265252
BEVERAGES,26,3506.736551724138
BEVERAGES,27,3482.0110565110567
BEVERAGES,28,3604.256209150327
BEVERAGES,29,3879.8562005277045
BEVERAGES,30,3936.8969210174027
BEVERAGES,31,3984.8085419734903
BEVERAGES,32,4326.705972434916
BEVERAGES,33,4325.9195205479455
BEVERAGES,34,4383.420677361853
BEVERAGES,35,4200.796943231441
BEVERAGES,36,3876.603139013453
BEVERAGES,37,4047.439024390244
BEVERAGES,38,3903.101604278075
BEVERAGES,39,3848.781758957655
BEVERAGES,40,3732.086956521739
BEVERAGES,41,3877.4478114478115
BEVERAGES,42,3758.0592334494772
BEVERAGES,43,4082.695652173913
BEVERAGES,44,3793.830188679245
BEVERAGES,45,3840.7163636363634
BEVERAGES,46,3819.7744680851065
BEVERAGES,47,3986.2192307692308
BEVERAGES,48,3993.5108225108224
BEVERAGES,49,4243.211711711711
BEVERAGES,50,4612.575471698113
BEVERAGES,51,4130.054644808743
BEVERAGES,52,4090.6043956043954
BEVERAGES,53,4209.186046511628
BEVERAGES,54,4600.20606060606
BEVERAGES,55,4571.506666666667
BEVERAGES,56,4585.1398601398605
BEVERAGES,57,5280.488888888889
BEVERAGES,58,4617.296610169492
BEVERAGES,59,4519.451923076923
BEVERAGES,60,4550.165217391304
BEVERAGES,61,5115.380434782609
BEVERAGES,62,4614.485294117647
BEVERAGES,63,4410.397727272727
BEVERAGES,64,5101.797752808989
BEVERAGES,65,4779.595505617977
BEVERAGES,66,4885.951807228916
BEVERAGES,67,5271.537634408603
BEVERAGES,68,5572.333333333333
BEVERAGES,69,5221.284090909091
BEVERAGES,70,5889.544117647059
BEVERAGES,71,5118.078125
BEVERAGES,72,5771.555555555556
BEVERAGES,73,5477.714285714285
BEVERAGES,74,5569.84
BEVERAGES,75,5735.980392156863
BEVERAGES,76,6638.285714285715
BEVERAGES,77,6283.190476190476
BEVERAGES,78,6844.846153846154
BEVERAGES,79,6015.379310344828
BEVERAGES,80,7868.615384615385
BEVERAGES,81,7169.0
BEVERAGES,82,8033.235294117647
BEVERAGES,83,6892.111111111111
BEVERAGES,84,7574.181818181818
BEVERAGES,85,7998.0
BEVERAGES,86,10338.857142857143
BEVERAGES,87,10065.333333333334
BEVERAGES,88,9237.0
BEVERAGES,89,5726.142857142857
BEVERAGES,90,6866.0
BEVERAGES,91,6049.666666666667
BEVERAGES,92,7200.666666666667
BEVERAGES,93,2665.6
BEVERAGES,96,9485.25
BEVERAGES,97,7166.333333333333
BEVERAGES,99,4125.5
BEVERAGES,101,4774.0
BEVERAGES,102,5006.0
BEVERAGES,105,1525.0
BEVERAGES,106,10265.0
BEVERAGES,108,10723.0
BEVERAGES,147,1047.0
BEVERAGES,164,2010.0
BEVERAGES,165,1446.0
BEVERAGES,166,1569.0
BEVERAGES,167,1123.0
BEVERAGES,169,1016.0
BEVERAGES,172,1087.0
BEVERAGES,173,1255.0
BEVERAGES,174,1510.0
BEVERAGES,175,1268.0
BEVERAGES,178,1401.0
BEVERAGES,181,1717.0
BEVERAGES,182,1592.0
BEVERAGES,185,1772.0
BEVERAGES,188,1905.0
BEVERAGES,191,1958.0
BEVERAGES,193,2024.0
BEVERAGES,194,1547.0
BEVERAGES,195,1395.5
BEVERAGES,196,2278.0
BEVERAGES,197,1678.0
BEVERAGES,198,1668.6666666666667
BEVERAGES,199,1489.0
BEVERAGES,201,2257.0
BEVERAGES,207,2032.0
BEVERAGES,210,2365.0
BEVERAGES,214,2141.0
BEVERAGES,215,1559.0
BEVERAGES,217,2291.0
BEVERAGES,225,1515.0
BEVERAGES,226,2728.0
BEVERAGES,229,2291.0
BEVERAGES,253,3034.0
BEVERAGES,263,5584.0
BEVERAGES,264,2405.0
BEVERAGES,275,4284.0
BEVERAGES,276,2663.0
BEVERAGES,277,2401.0
BEVERAGES,283,2593.0
BEVERAGES,286,3473.0
BEVERAGES,289,2948.0
BEVERAGES,290,3699.0
BEVERAGES,293,2878.5
BEVERAGES,294,3780.0
BEVERAGES,297,4984.0
BEVERAGES,299,3179.0
BEVERAGES,300,3458.0
BEVERAGES,302,3252.5
BEVERAGES,304,3251.25
BEVERAGES,305,2963.0
BEVERAGES,306,2483.0
BEVERAGES,307,3225.0
BEVERAGES,312,3919.0
BEVERAGES,313,3334.0
BEVERAGES,317,3130.0
BEVERAGES,320,4601.0
BEVERAGES,322,4042.0
BEVERAGES,326,4578.0
BEVERAGES,330,3142.0
BEVERAGES,332,4577.0
BEVERAGES,333,4314.0
BEVERAGES,342,5601.0
BOOKS,0,0.07065992480228186
BREAD/BAKERY,0,379.3926480313696
BREAD/BAKERY,1,570.6687250361637
BREAD/BAKERY,2,618.5693171637608
BREAD/BAKERY,3,611.5469453703704
BREAD/BAKERY,4,507.2410519476026
BREAD/BAKERY,5,459.293848697318
BREAD/BAKERY,6,580.3587797854236
BREAD/BAKERY,7,574.1877267885666
BREAD/BAKERY,8,547.580399993965
BREAD/BAKERY,9,630.0782932657495
BREAD/BAKERY,10,538.3699322389464
BREAD/BAKERY,11,637.267942507837
BREAD/BAKERY,12,610.8940852839116
BREAD/BAKERY,13,644.5143104595186
BREAD/BAKERY,14,595.7501839677419
BREAD/BAKERY,15,641.14181296875
BREAD/BAKERY,16,666.206751502146
BREAD/BAKERY,17,722.4563008290156
BREAD/BAKERY,18,663.4751019620253
BREAD/BAKERY,19,689.9797886363637
BREAD/BAKERY,20,645.6243258426966
BREAD/BAKERY,21,715.7289351612903
BREAD/BAKERY,22,931.3859064000001
BREAD/BAKERY,23,569.9806603773585
BREAD/BAKERY,24,619.4142545454546
BREAD/BAKERY,25,460.01930408163264
BREAD/BAKERY,26,479.51615873015874
BREAD/BAKERY,27,457.4232169230769
BREAD/BAKERY,28,477.5306764705882
BREAD/BAKERY,29,424.53606896551725
BREAD/BAKERY,30,285.42842647058825
BREAD/BAKERY,31,215.45289411764705
BREAD/BAKERY,32,260.6726463414634
BREAD/BAKERY,33,231.3
BREAD/BAKERY,34,209.55454545454546
BREAD/BAKERY,35,208.93069306930693
BREAD/BAKERY,36,265.287037037037
BREAD/BAKERY,37,223.27906976744185
BREAD/BAKERY,38,243.94166666666666
BREAD/BAKERY,39,239.63736263736263
BREAD/BAKERY,40,279.06140350877195
BREAD/BAKERY,41,284.6043956043956
BREAD/BAKERY,42,276.17721518987344
BREAD/BAKERY,43,329.1714285714286
BREAD/BAKERY,44,326.1818181818182
BREAD/BAKERY,45,346.45
BREAD/BAKERY,46,368.81481481481484
BREAD/BAKERY,47,406.41379310344826
BREAD/BAKERY,48,430.0
BREAD/BAKERY,49,409.8918918918919
BREAD/BAKERY,50,432.27777777777777
BREAD/BAKERY,51,515.85
BREAD/BAKERY,52,486.125
BREAD/BAKERY,53,579.0
BREAD/BAKERY,54,625.4285714285714
BREAD/BAKERY,55,622.0
BREAD/BAKERY,56,620.2307692307693
BREAD/BAKERY,57,689.625
BREAD/BAKERY,58,638.6
BREAD/BAKERY,59,670.3478260869565
BREAD/BAKERY,60,660.25
BREAD/BAKERY,61,607.0555555555555
BREAD/BAKERY,62,664.5277777777778
BREAD/BAKERY,63,695.6190476190476
BREAD/BAKERY,64,677.09375
BREAD/BAKERY,65,717.6222222222223
BREAD/BAKERY,66,722.125
BREAD/BAKERY,67,715.0857142857143
BREAD/BAKERY,68,740.9423076923077
BREAD/BAKERY,69,784.1451612903226
BREAD/BAKERY,70,774.5441176470588
BREAD/BAKERY,71,808.6835443037975
BREAD/BAKERY,72,793.7627118644068
BREAD/BAKERY,73,803.10840625
BREAD/BAKERY,74,850.78153125
BREAD/BAKERY,75,853.1052631578947
BREAD/BAKERY,76,830.4371489361703
BREAD/BAKERY,77,867.4905660377359
BREAD/BAKERY,78,875.2899833333333
BREAD/BAKERY,79,865.5700555555555
BREAD/BAKERY,80,895.6981222807018
BREAD/BAKERY,81,910.3606
BREAD/BAKERY,82,878.6060606060606
BREAD/BAKERY,83,947.6486382978723
BREAD/BAKERY,84,956.9212682926828
BREAD/BAKERY,85,996.648861111111
BREAD/BAKERY,86,913.0175945945946
BREAD/BAKERY,87,1019.2013529411764
BREAD/BAKERY,88,947.3242777777778
BREAD/BAKERY,89,1049.4922857142858
BREAD/BAKERY,90,1156.854125
BREAD/BAKERY,91,1049.605111111111
BREAD/BAKERY,92,998.3333333333334
BREAD/BAKERY,93,999.5937142857143
BREAD/BAKERY,95,947.0
BREAD/BAKERY,96,988.0
BREAD/BAKERY,104,915.0
CELEBRATION,0,7.990276797616247
CELEBRATION,1,20.597343105817682
CELEBRATION,2,16.29957805907173
CELEBRATION,3,13.378378378378379
CELEBRATION,4,13.472527472527473
CELEBRATION,5,16.373737373737374
CELEBRATION,6,22.022727272727273
CELEBRATION,7,24.246575342465754
CELEBRATION,8,29.614285714285714
CELEBRATION,9,36.27450980392157
CELEBRATION,10,38.5
CELEBRATION,11,23.714285714285715
CELEBRATION,12,24.666666666666668
CELEBRATION,13,28.5
CELEBRATION,14,40.0
CLEANING,0,867.5771351520551
CLEANING,1,1116.4221900118594
CLEANING,2,1205.9163379355687
CLEANING,3,1280.592839109479
CLEANING,4,1311.7688696280245
CLEANING,5,1308.685928303906
CLEANING,6,1310.6432584269662
CLEANING,7,1296.4048582995952
CLEANING,8,1241.1157894736841
CLEANING,9,1207.8222453222454
CLEANING,10,1201.1409869083584
CLEANING,11,1197.0129224652087
CLEANING,12,1201.1931589537223
CLEANING,13,1137.265720081136
CLEANING,14,1127.3453093812375
CLEANING,15,1156.3242718446602
CLEANING,16,1179.3774647887324
CLEANING,17,1127.2259067357513
CLEANING,18,1097.0891920251836
CLEANING,19,1121.6790960451976
CLEANING,20,1171.70011148272
CLEANING,21,1179.2300884955753
CLEANING,22,1214.2919621749409
CLEANING,23,1213.2824631860776
CLEANING,24,1263.2362637362637
CLEANING,25,1275.9596273291925
CLEANING,26,1234.9754385964911
CLEANING,27,1199.7761989342807
CLEANING,28,1390.361328125
CLEANING,29,1314.6855983772818
CLEANING,30,1286.7351598173516
CLEANING,31,1280.2506596306068
CLEANING,32,1218.1641791044776
CLEANING,33,1162.167115902965
CLEANING,34,1205.3286516853932
CLEANING,35,1211.7620320855615
CLEANING,36,1329.1522388059702
CLEANING,37,1277.5243902439024
CLEANING,38,1311.4682779456193
CLEANING,39,1375.9323076923076
CLEANING,40,1383.8982558139535
CLEANING,41,1388.0836236933799
CLEANING,42,1497.8762886597938
CLEANING,43,1526.3791946308725
CLEANING,44,1681.7091633466136
CLEANING,45,1585.8560606060605
CLEANING,46,1771.7621359223301
CLEANING,47,1751.089552238806
CLEANING,48,1732.7666666666667
CLEANING,49,1907.3829787234042
CLEANING,50,1841.5
CLEANING,51,1958.0666666666666
CLEANING,52,2040.313253012048
CLEANING,53,2267.6315789473683
CLEANING,54,2106.9166666666665
CLEANING,55,2171.28
CLEANING,56,1930.2222222222222
CLEANING,57,2149.311111111111
CLEANING,58,2186.3333333333335
CLEANING,59,1595.047619047619
CLEANING,60,2085.4
CLEANING,61,2265.25
CLEANING,62,1956.4
CLEANING,63,2294.1666666666665
CLEANING,64,1952.0
CLEANING,65,1875.8333333333333
CLEANING,66,2443.777777777778
CLEANING,67,2164.5714285714284
CLEANING,68,1636.0
CLEANING,69,1966.6666666666667
CLEANING,70,2256.2
CLEANING,71,2266.0
CLEANING,72,3727.0
CLEANING,73,2899.5
CLEANING,74,2254.0
CLEANING,88,200.0
CLEANING,98,881.0
CLEANING,134,589.0
CLEANING,144,537.0
CLEANING,150,725.0
CLEANING,170,728.0
CLEANING,174,646.0
CLEANING,175,751.0
CLEANING,179,723.0
CLEANING,180,1137.0
CLEANING,183,959.0
CLEANING,187,886.0
CLEANING,189,1193.0
CLEANING,190,1275.0
CLEANING,191,955.5
CLEANING,194,6238.0
CLEANING,195,787.5
CLEANING,196,1134.0
CLEANING,197,1021.0
CLEANING,199,1068.0
CLEANING,201,1132.0
CLEANING,203,1168.0
CLEANING,204,1195.3333333333333
CLEANING,208,1413.0
CLEANING,209,1515.0
CLEANING,210,1377.0
CLEANING,212,1381.3333333333333
CLEANING,214,1506.6666666666667
CLEANING,216,1182.0
CLEANING,218,2013.0
CLEANING,223,6881.0
CLEANING,224,2203.0
CLEANING,227,1132.0
CLEANING,231,2083.0
CLEANING,232,1126.0
CLEANING,233,1558.0
CLEANING,235,1497.0
CLEANING,237,1524.0
CLEANING,240,1542.0
CLEANING,241,1751.0
CLEANING,243,2681.0
CLEANING,245,1640.3333333333333
CLEANING,247,1266.0
CLEANING,252,1562.0
CLEANING,254,1581.0
CLEANING,255,1936.0
CLEANING,258,1452.0
CLEANING,259,2303.0
CLEANING,261,2347.0
CLEANING,264,1586.0
CLEANING,269,1971.5
CLEANING,276,2345.6666666666665
CLEANING,279,0.0
CLEANING,281,3032.0
CLEANING,282,2450.5
CLEANING,285,2947.0
DAIRY,0,479.19555233260814
DAIRY,1,798.7342813491597
DAIRY,2,900.4820997959562
DAIRY,3,975.8339465293108
DAIRY,4,1013.468213925328
DAIRY,5,977.6329887218045
DAIRY,6,919.1193255512321
DAIRY,7,921.5528978840846
DAIRY,8,951.3266219239374
DAIRY,9,827.1463700234192
DAIRY,10,825.9332627118644
DAIRY,11,856.2018244013683
DAIRY,12,816.6095444685467
DAIRY,13,793.7709359605911
DAIRY,14,779.3252427184466
DAIRY,15,836.6059817945384
DAIRY,16,939.4335106382979
DAIRY,17,982.2202304737516
DAIRY,18,982.3788300835655
DAIRY,19,952.5818181818182
DAIRY,20,967.0756843800322
DAIRY,21,1080.860465116279
DAIRY,22,1117.3754325259515
DAIRY,23,1084.0650263620387
DAIRY,24,1164.564322469983
DAIRY,25,1142.698189134809
DAIRY,26,1282.5485074626865
DAIRY,27,1234.8376623376623
DAIRY,28,1311.3808553971487
DAIRY,29,1319.2004504504505
DAIRY,30,1399.9756097560976
DAIRY,31,1454.3853211009175
DAIRY,32,1349.2384615384615
DAIRY,33,1349.154761904762
DAIRY,34,1366.3791666666666
DAIRY,35,1427.4813278008298
DAIRY,36,1345.353448275862
DAIRY,37,1507.0217391304348
DAIRY,38,1362.2235294117647
DAIRY,39,1474.4926470588234
DAIRY,40,1665.728
DAIRY,41,1523.4512195121952
DAIRY,42,1741.909090909091
DAIRY,43,1581.5072463768115
DAIRY,44,1549.037037037037
DAIRY,45,1266.135593220339
DAIRY,46,1237.8085106382978
DAIRY,47,1639.6097560975609
DAIRY,48,1191.8684210526317
DAIRY,49,1073.2142857142858
DAIRY,50,823.1666666666666
DAIRY,51,1262.52
DAIRY,52,1461.0666666666666
DAIRY,53,1090.6666666666667
DAIRY,54,929.2857142857143
DAIRY,55,643.0666666666667
DAIRY,56,408.77272727272725
DAIRY,57,207.42105263157896
DAIRY,58,216.35294117647058
DAIRY,59,243.89285714285714
DAIRY,60,218.43333333333334
DAIRY,61,242.91666666666666
DAIRY,62,244.73529411764707
DAIRY,63,250.41666666666666
DAIRY,64,294.5925925925926
DAIRY,65,250.32142857142858
DAIRY,66,249.75
DAIRY,67,278.7631578947368
DAIRY,68,267.02777777777777
DAIRY,69,297.2173913043478
DAIRY,70,273.20512820512823
DAIRY,71,267.12820512820514
DAIRY,72,310.52272727272725
DAIRY,73,294.97222222222223
DAIRY,74,305.53061224489795
DAIRY,75,325.12
DAIRY,76,352.17857142857144
DAIRY,77,323.57142857142856
DAIRY,78,327.9142857142857
DAIRY,79,347.39473684210526
DAIRY,80,362.72972972972974
DAIRY,81,349.1
DAIRY,82,358.2857142857143
DAIRY,83,348.81081081081084
DAIRY,84,402.0
DAIRY,85,360.1190476190476
DAIRY,86,398.1212121212121
DAIRY,87,370.88235294117646
DAIRY,88,421.78125
DAIRY,89,438.7317073170732
DAIRY,90,424.625
DAIRY,91,437.7692307692308
DAIRY,92,436.075
DAIRY,93,455.51851851851853
DAIRY,94,468.2916666666667
DAIRY,95,467.34375
DAIRY,96,423.59375
DAIRY,97,468.32
DAIRY,98,498.5
DAIRY,99,465.55882352941177
DAIRY,100,525.0689655172414
DAIRY,101,513.4230769230769
DAIRY,102,492.8636363636364
DAIRY,103,506.2142857142857
DAIRY,104,511.94117647058823
DAIRY,105,558.6
DAIRY,106,534.7222222222222
DAIRY,107,571.2051282051282
DAIRY,108,558.7407407407408
DAIRY,109,600.5
DAIRY,110,601.6756756756756
DAIRY,111,582.6976744186046
DAIRY,112,644.6285714285714
DAIRY,113,631.0263157894736
DAIRY,114,591.0857142857143
DAIRY,115,647.8787878787879
DAIRY,116,602.6666666666666
DAIRY,117,597.1481481481482
DAIRY,118,679.175
DAIRY,119,694.1
DAIRY,120,661.1935483870968
DAIRY,121,710.6896551724138
DAIRY,122,689.6486486486486
DAIRY,123,694.551724137931
DAIRY,124,713.2368421052631
DAIRY,125,654.8666666666667
DAIRY,126,723.96875
DAIRY,127,725.9130434782609
DAIRY,128,657.64
DAIRY,129,724.0
DAIRY,130,736.3103448275862
DAIRY,131,733.3
DAIRY,132,755.1818181818181
DAIRY,133,744.5714285714286
DAIRY,134,829.0
DAIRY,135,761.2692307692307
DAIRY,136,769.0
DAIRY,137,832.9285714285714
DAIRY,138,761.4166666666666
DAIRY,139,808.969696969697
DAIRY,140,763.95
DAIRY,141,818.0769230769231
DAIRY,142,791.9444444444445
DAIRY,143,809.2
DAIRY,144,859.304347826087
DAIRY,145,822.875
DAIRY,146,838.0714285714286
DAIRY,147,849.0
DAIRY,148,741.625
DAIRY,149,900.7142857142857
DAIRY,150,878.5833333333334
DAIRY,151,855.5833333333334
DAIRY,152,760.3333333333334
DAIRY,153,949.6666666666666
DAIRY,154,905.9
DAIRY,156,822.0
DAIRY,157,921.25
DAIRY,158,1021.6666666666666
DAIRY,159,798.5
DAIRY,160,1156.0
DAIRY,161,1091.0
DAIRY,162,1090.0
DAIRY,163,1211.0
DAIRY,165,1024.5
DAIRY,166,1275.0
DAIRY,167,1263.0
DELI,0,221.74795941469998
DELI,1,308.33533253871377
DELI,2,333.79562938215213
DELI,3,331.2474434524138
DELI,4,304.63722853726455
DELI,5,285.2426578894169
DELI,6,278.82342690760123
DELI,7,301.38177472987974
DELI,8,333.43867663723404
DELI,9,342.5157571257485
DELI,10,372.87447031353133
DELI,11,381.8995688983051
DELI,12,410.17723266452646
DELI,13,416.2566584662577
DELI,14,431.98989655172414
DELI,15,467.79338133093523
DELI,16,466.1037681767956
DELI,17,433.6120384615385
DELI,18,450.2299196
DELI,19,561.5394565217391
DELI,20,318.87666666666667
DELI,21,363.80833333333334
DELI,22,215.46131578947367
DELI,23,143.29045945945947
DELI,24,181.7262
DELI,25,147.5498
DELI,26,135.98378378378376
DELI,27,120.3382
DELI,28,119.7840652173913
DELI,29,130.04614035087718
DELI,30,125.69391666666667
DELI,31,123.42170485245902
DELI,32,118.34376125373134
DELI,33,147.92066129032258
DELI,34,149.18423636363636
DELI,35,174.8349489387755
DELI,36,175.03655913978494
DELI,37,172.2020387747748
DELI,38,169.8985583
DELI,39,186.38947231944445
DELI,40,175.55156204733728
DELI,41,183.19248259302324
DELI,42,191.99882550980394
DELI,43,204.29435975438597
DELI,44,208.41705078125
DELI,45,214.04545925925925
DELI,46,224.12701672483223
DELI,47,237.6124700696864
DELI,48,240.79313398625433
DELI,49,241.99966564189188
DELI,50,245.16759659090908
DELI,51,257.7838742086331
DELI,52,261.1790455700326
DELI,53,268.3658647686833
DELI,54,281.6266313235294
DELI,55,315.94296763754045
DELI,56,325.1445689966555
DELI,57,329.58787549450545
DELI,58,351.11682150793655
DELI,59,384.25008625468166
DELI,60,414.43599160869564
DELI,61,417.1727681974249
DELI,62,441.16707106598983
DELI,63,469.55102083769634
DELI,64,500.0980803
DELI,65,523.1989884
DELI,66,540.7372206976744
DELI,67,620.0706505594405
DELI,68,609.5428818181819
DELI,69,619.9698833766233
DELI,70,671.3959874074073
DELI,71,626.4508611111111
DELI,72,633.4784901960784
DELI,73,708.2573333333332
DELI,74,720.4374871794871
DELI,75,778.9200952380952
DELI,76,806.6988074193548
DELI,77,818.5185
DELI,78,804.4467500000001
DELI,79,847.3577272727272
DELI,80,847.1451999999999
DELI,81,891.5245
EGGS,0,154.94771221596187
EGGS,1,193.96506348595614
EGGS,2,205.4394618834081
EGGS,3,242.05419136325148
EGGS,4,216.5565371024735
EGGS,5,151.26767676767676
EGGS,6,209.53846153846155
EGGS,7,205.37894736842105
EGGS,8,181.54285714285714
EGGS,9,166.64503816793894
EGGS,10,163.79772079772079
EGGS,11,133.12978723404257
EGGS,12,164.561669829222
EGGS,13,171.51351351351352
EGGS,14,221.94026548672565
EGGS,15,235.51692307692306
EGGS,16,248.1377049180328
EGGS,17,239.95112781954887
EGGS,18,247.66558441558442
EGGS,19,295.6734693877551
EGGS,20,280.2957317073171
EGGS,21,311.5646258503401
EGGS,22,210.0
EGGS,23,169.42545454545456
EGGS,24,150.01083032490973
EGGS,25,155.76727272727274
EGGS,26,169.27759197324414
EGGS,27,191.88252148997134
EGGS,28,247.8401937046005
EGGS,29,321.3407258064516
EGGS,30,377.2730769230769
EGGS,31,399.9886363636364
EGGS,32,494.812030075188
FROZEN FOODS,0,107.74989175388043
FROZEN FOODS,1,171.61467726530142
FROZEN FOODS,2,226.70961199303753
FROZEN FOODS,3,277.8897291052266
FROZEN FOODS,4,337.87067726160626
FROZEN FOODS,5,384.4116847434629
FROZEN FOODS,6,400.93062083183565
FROZEN FOODS,7,317.4884192319688
FROZEN FOODS,8,353.1121732373333
FROZEN FOODS,9,412.93522300353357
FROZEN FOODS,10,310.4367962901961
FROZEN FOODS,11,264.8460524655738
FROZEN FOODS,12,215.47174693061226
FROZEN FOODS,13,115.26044049152542
FROZEN FOODS,14,177.2515605337838
FROZEN FOODS,15,145.78605660262008
FROZEN FOODS,16,132.7338092881356
FROZEN FOODS,17,150.85206732735426
FROZEN FOODS,18,143.99217338666668
FROZEN FOODS,19,176.94389587283237
FROZEN FOODS,20,171.74203202564104
FROZEN FOODS,21,183.68886882352942
FROZEN FOODS,22,206.4260743140496
FROZEN FOODS,23,202.8339161445783
FROZEN FOODS,24,257.566284
FROZEN FOODS,25,202.00878378378377
FROZEN FOODS,26,326.3078846153846
FROZEN FOODS,27,470.69091304347825
FROZEN FOODS,28,327.596
FROZEN FOODS,29,316.564125
FROZEN FOODS,30,483.26987125
FROZEN FOODS,31,229.66
FROZEN FOODS,32,410.031
FROZEN FOODS,33,430.588
GROCERY I,0,2717.341388972722
GROCERY I,1,3081.0196777815586
GROCERY I,2,3380.8907867335133
GROCERY I,3,3512.31774686907
GROCERY I,4,3644.4660908693754
GROCERY I,5,3806.5982213154102
GROCERY I,6,3904.144660110943
GROCERY I,7,3905.4542377464786
GROCERY I,8,4192.2855890326555
GROCERY I,9,4437.823890800794
GROCERY I,10,4549.4312886597945
GROCERY I,11,4792.212442067736
GROCERY I,12,4722.658485338726
GROCERY I,13,4749.677388505747
GROCERY I,14,4936.809927726676
GROCERY I,15,4667.6002779411765
GROCERY I,16,4843.569618333334
GROCERY I,17,4782.806074681239
GROCERY I,18,4738.011638253639
GROCERY I,19,4803.533378818737
GROCERY I,20,4827.358281376518
GROCERY I,21,4631.961562790698
GROCERY I,22,4388.506546910755
GROCERY I,23,4614.385889411765
GROCERY I,24,4346.018530373832
GROCERY I,25,4317.897254452926
GROCERY I,26,4360.540047029703
GROCERY I,27,4128.96474117647
GROCERY I,28,4371.047198198198
GROCERY I,29,4101.79848463357
GROCERY I,30,4554.198652173913
GROCERY I,31,4387.459246220303
GROCERY I,32,4598.316191964286
GROCERY I,33,4359.828006507592
GROCERY I,34,4187.219894009217
GROCERY I,35,4141.285095982143
GROCERY I,36,4386.132879385965
GROCERY I,37,3964.338230936819
GROCERY I,38,3969.5539061032864
GROCERY I,39,4122.438719817767
GROCERY I,40,4132.487900221729
GROCERY I,41,4287.759420454546
GROCERY I,42,3991.611872767857
GROCERY I,43,3951.8282355555557
GROCERY I,44,4160.2669078947365
GROCERY I,45,4067.178099811676
GROCERY I,46,4298.341188492063
GROCERY I,47,4175.320352727273
GROCERY I,48,4158.748805807622
GROCERY I,49,4204.794272893772
GROCERY I,50,4202.286749103942
GROCERY I,51,4078.1349304511273
GROCERY I,52,4476.425712909441
GROCERY I,53,4621.934519855596
GROCERY I,54,4201.6194146788985
GROCERY I,55,4461.74837310606
GROCERY I,56,4652.368818681319
GROCERY I,57,4667.288335271318
GROCERY I,58,4833.500525423729
GROCERY I,59,4986.788995983936
GROCERY I,60,4754.05980776699
GROCERY I,61,4819.413083521445
GROCERY I,62,4825.11935971223
GROCERY I,63,4793.212071428572
GROCERY I,64,4903.016873762376
GROCERY I,65,4892.286814516129
GROCERY I,66,4832.818779255319
GROCERY I,67,4969.600708823529
GROCERY I,68,5073.557020771514
GROCERY I,69,5217.257991097923
GROCERY I,70,4896.746808724833
GROCERY I,71,5299.204512893983
GROCERY I,72,5359.375393333334
GROCERY I,73,5735.69187628866
GROCERY I,74,5175.447468
GROCERY I,75,5113.79094140625
GROCERY I,76,5794.2860281124495
GROCERY I,77,5692.362518072289
GROCERY I,78,5265.794573459716
GROCERY I,79,5865.294961352657
GROCERY I,80,5021.041191256831
GROCERY I,81,5361.25102027027
GROCERY I,82,5560.333237569061
GROCERY I,83,5805.813574193548
GROCERY I,84,5592.90347368421
GROCERY I,85,5000.339840579711
GROCERY I,86,5647.139098159509
GROCERY I,87,5431.514705035971
GROCERY I,88,5247.0894718309855
GROCERY I,89,5355.444318518518
GROCERY I,90,5370.256801801802
GROCERY I,91,5521.23128
GROCERY I,92,5344.639090163935
GROCERY I,93,6216.118262411348
GROCERY I,94,5523.615507936508
GROCERY I,95,6072.405407079646
GROCERY I,96,5693.488301886792
GROCERY I,97,5723.693269565218
GROCERY I,98,6253.866
GROCERY I,99,6552.79961682243
GROCERY I,100,6220.141462365591
GROCERY I,101,5868.578557894737
GROCERY I,102,5931.219520000001
GROCERY I,103,5808.036266666667
GROCERY I,104,6488.4798
GROCERY I,105,6089.58081443299
GROCERY I,106,5922.967305555556
GROCERY I,107,6821.76675
GROCERY I,108,6254.980630769231
GROCERY I,109,6143.301441176471
GROCERY I,110,6323.173041666666
GROCERY I,111,6823.480058823529
GROCERY I,112,7165.518338461538
GROCERY I,113,6092.545291666666
GROCERY I,114,6882.433393939394
GROCERY I,115,6058.911193548387
GROCERY I,116,6390.579566666666
GROCERY I,117,6610.646641791045
GROCERY I,118,6415.6772083333335
GROCERY I,119,6887.2620588235295
GROCERY I,120,7446.796868421053
GROCERY I,121,6950.517653061224
GROCERY I,122,7168.120382978724
GROCERY I,123,6812.078186046512
GROCERY I,124,7152.572413043478
GROCERY I,125,7235.7767631578945
GROCERY I,126,7344.473902439025
GROCERY I,127,8642.226441860466
GROCERY I,128,8307.085641025642
GROCERY I,129,9018.61040625
GROCERY I,130,8224.344147058824
GROCERY I,131,8820.960806451612
GROCERY I,132,7075.7749696969695
GROCERY I,133,9342.397172413792
GROCERY I,134,9556.916652173912
GROCERY I,135,10578.972899999999
GROCERY I,136,10022.139764705882
GROCERY I,137,8300.757837837837
GROCERY I,138,9803.759454545456
GROCERY I,139,10258.544
GROCERY I,140,10037.801090909092
GROCERY I,141,12003.047214285714
GROCERY I,142,10351.575166666667
GROCERY I,143,11108.333
GROCERY I,144,12952.7962
GROCERY I,145,10733.868333333334
GROCERY I,146,12040.875999999998
GROCERY I,147,9284.108666666667
GROCERY I,148,9967.7293
GROCERY I,149,10256.907571428572
GROCERY I,150,10483.362285714285
GROCERY I,151,11125.5
GROCERY I,152,11669.203
GROCERY I,153,8687.303333333333
GROCERY I,154,7885.397
GROCERY I,155,10948.0
GROCERY I,156,12436.0
GROCERY I,157,5003.857
GROCERY I,158,14190.0
GROCERY I,160,6023.784333333333
GROCERY I,161,3483.0
GROCERY I,163,3842.376
GROCERY I,164,3680.316
GROCERY I,167,3677.5
GROCERY I,172,5662.0
GROCERY I,173,3778.0
GROCERY I,176,6199.0
GROCERY I,177,6816.8009999999995
GROCERY I,178,3914.8345
GROCERY I,179,3615.0
GROCERY I,181,4655.0
GROCERY I,183,10465.549
GROCERY I,185,5002.0
GROCERY I,186,7107.5
GROCERY I,187,6884.0
GROCERY I,190,10190.0
GROCERY I,192,7092.0
GROCERY I,193,11332.0
GROCERY I,196,7584.0
GROCERY I,202,8682.75
GROCERY I,204,12268.0
GROCERY I,261,2225.0
GROCERY I,383,1762.0
GROCERY I,391,1509.0
GROCERY I,407,2094.0
GROCERY I,411,1598.0
GROCERY I,420,2256.0
GROCERY I,424,1757.0
GROCERY I,425,2123.0
GROCERY I,435,2051.5
GROCERY I,441,4321.0
GROCERY I,444,4485.0
GROCERY I,446,2445.0
GROCERY I,452,2712.0
GROCERY I,464,3582.0
GROCERY I,467,1568.0
GROCERY I,469,2669.0
GROCERY I,470,2282.0
GROCERY I,473,2583.0
GROCERY I,474,2625.0
GROCERY I,476,2907.0
GROCERY I,479,2423.0
GROCERY I,481,3063.0
GROCERY I,485,3538.0
GROCERY I,486,1802.0
GROCERY I,489,3276.0
GROCERY I,496,5314.0
GROCERY I,507,3473.0
GROCERY I,510,3903.0
GROCERY I,511,3744.0
GROCERY I,512,3588.0
GROCERY I,519,2984.0
GROCERY I,520,3587.0
GROCERY I,528,3424.0
GROCERY I,536,4723.0
GROCERY I,539,2905.0
GROCERY I,543,4710.0
GROCERY I,547,5608.0
GROCERY I,551,5523.0
GROCERY I,591,5479.0
GROCERY I,600,3378.0
GROCERY I,609,3420.0
GROCERY I,624,3886.0
GROCERY I,626,5284.0
GROCERY I,628,3693.0
GROCERY I,629,3285.0
GROCERY I,630,4114.0
GROCERY I,633,5393.0
GROCERY I,639,4106.5
GROCERY I,642,4030.0
GROCERY I,644,4136.0
GROCERY I,646,3468.0
GROCERY I,655,5109.0
GROCERY I,657,4303.0
GROCERY I,664,4221.0
GROCERY I,668,4521.0
GROCERY I,672,3757.0
GROCERY I,677,4368.0
GROCERY I,678,4335.0
GROCERY I,684,4707.0
GROCERY I,697,4580.367
GROCERY I,702,6825.0
GROCERY I,710,5948.0
GROCERY I,716,5700.5
GROCERY I,717,6262.0
GROCERY I,718,6712.0
GROCERY I,719,6681.0
GROCERY I,720,6154.0
GROCERY I,722,5846.0
GROCERY I,726,6044.0
GROCERY I,741,7517.0
GROCERY II,0,21.387313246729693
GROCERY II,1,35.678488820354666
GROCERY II,2,9.66967305524239
GROCERY II,3,14.308868501529052
GROCERY II,4,19.637931034482758
GROCERY II,5,27.047619047619047
GROCERY II,6,30.795454545454547
GROCERY II,7,36.0
HARDWARE,0,1.1377034279778393
HARDWARE,1,2.1769911504424777
HARDWARE,2,2.8947368421052633
HARDWARE,3,4.0
HARDWARE,4,5.0
HOME AND KITCHEN I,0,16.886466485308716
HOME AND KITCHEN I,1,30.77007231596514
HOME AND KITCHEN I,2,33.65970993986558
HOME AND KITCHEN I,3,36.69261279127417
HOME AND KITCHEN I,4,41.614388489208636
HOME AND KITCHEN I,5,51.45294725956567
HOME AND KITCHEN I,6,45.92546583850932
HOME AND KITCHEN I,7,54.685224839400426
HOME AND KITCHEN I,8,57.64819944598338
HOME AND KITCHEN I,9,63.88014981273408
HOME AND KITCHEN I,10,70.37037037037037
HOME AND KITCHEN I,11,75.23664122137404
HOME AND KITCHEN I,12,75.96
HOME AND KITCHEN I,13,85.37878787878788
HOME AND KITCHEN I,14,100.5
HOME AND KITCHEN I,15,87.43243243243244
HOME AND KITCHEN I,16,111.3913043478261
HOME AND KITCHEN I,17,146.23333333333332
HOME AND KITCHEN I,18,215.11111111111111
HOME AND KITCHEN I,19,205.4
HOME AND KITCHEN I,20,120.77777777777777
HOME AND KITCHEN I,21,185.0
HOME AND KITCHEN I,22,109.0
HOME AND KITCHEN I,23,241.33333333333334
HOME AND KITCHEN I,25,72.0
HOME AND KITCHEN I,26,75.0
HOME AND KITCHEN I,31,226.0
HOME AND KITCHEN II,0,10.281843930873118
HOME AND KITCHEN II,1,36.09197167477178
HOME AND KITCHEN II,2,47.24483448122639
HOME AND KITCHEN II,3,48.985250737463126
HOME AND KITCHEN II,4,51.329442282749675
HOME AND KITCHEN II,5,57.292682926829265
HOME AND KITCHEN II,6,70.06829268292682
HOME AND KITCHEN II,7,67.33720930232558
HOME AND KITCHEN II,8,47.0
HOME AND KITCHEN II,9,42.8235294117647
HOME AND KITCHEN II,10,29.733333333333334
HOME AND KITCHEN II,11,31.0
HOME AND KITCHEN II,12,21.25
HOME AND KITCHEN II,13,36.5
HOME AND KITCHEN II,14,47.5
HOME AND KITCHEN II,15,34.0
HOME AND KITCHEN II,18,50.5
HOME AND KITCHEN II,20,41.5
HOME APPLIANCES,0,0.45668908253508333
HOME APPLIANCES,1,1.3709677419354838
HOME CARE,0,101.95294992479424
HOME CARE,1,309.788338658147
HOME CARE,2,304.47363150867824
HOME CARE,3,272.14332648870635
HOME CARE,4,268.45958609918
HOME CARE,5,285.395191902151
HOME CARE,6,298.787962962963
HOME CARE,7,297.18415741675074
HOME CARE,8,301.6828631138976
HOME CARE,9,316.184318314804
HOME CARE,10,323.62793572311494
HOME CARE,11,326.21044992743106
HOME CARE,12,351.1780366056572
HOME CARE,13,362.22937625754525
HOME CARE,14,384.65384615384613
HOME CARE,15,382.3339416058394
HOME CARE,16,428.7392405063291
HOME CARE,17,417.432
HOME CARE,18,412.57232704402514
HOME CARE,19,350.6574074074074
HOME CARE,20,358.3707865168539
HOME CARE,21,373.109375
HOME CARE,22,379.74545454545455
HOME CARE,23,446.1276595744681
HOME CARE,24,571.8823529411765
HOME CARE,25,642.9090909090909
HOME CARE,32,85.0
HOME CARE,35,111.0
HOME CARE,36,110.0
HOME CARE,37,130.0
HOME CARE,38,159.0
HOME CARE,39,130.66666666666666
HOME CARE,41,164.33333333333334
HOME CARE,42,137.33333333333334
HOME CARE,43,206.0
HOME CARE,44,209.5
HOME CARE,45,215.4
HOME CARE,46,234.66666666666666
HOME CARE,47,227.0
HOME CARE,48,508.0
HOME CARE,49,262.0
HOME CARE,50,300.0
HOME CARE,51,388.0
HOME CARE,52,367.3333333333333
HOME CARE,53,271.6666666666667
HOME CARE,54,234.66666666666666
HOME CARE,55,260.6666666666667
HOME CARE,56,302.25
HOME CARE,57,284.5
HOME CARE,58,341.0
HOME CARE,59,339.0
HOME CARE,61,224.0
HOME CARE,62,400.25
HOME CARE,63,411.0
HOME CARE,64,313.0
HOME CARE,68,431.0
HOME CARE,70,600.0
HOME CARE,71,443.5
LADIESWEAR,0,7.163070507878248
LADIESWEAR,1,17.925925925925927
LADIESWEAR,2,14.159090909090908
LADIESWEAR,3,12.5
LADIESWEAR,4,11.825
LADIESWEAR,5,17.27777777777778
LADIESWEAR,6,14.764705882352942
LADIESWEAR,7,21.05263157894737
LADIESWEAR,8,26.11764705882353
LADIESWEAR,9,32.142857142857146
LADIESWEAR,10,36.111111111111114
LADIESWEAR,11,30.444444444444443
LADIESWEAR,12,29.2
LADIESWEAR,13,38.666666666666664
LADIESWEAR,14,41.6
LADIESWEAR,16,46.5
LADIESWEAR,17,53.0
LADIESWEAR,18,66.0
LADIESWEAR,19,68.5
LAWN AND GARDEN,0,5.529043293083528
LAWN AND GARDEN,1,10.295309168443497
LAWN AND GARDEN,2,15.214736842105264
LAWN AND GARDEN,3,13.382352941176471
LAWN AND GARDEN,4,18.063063063063062
LAWN AND GARDEN,5,23.28846153846154
LAWN AND GARDEN,6,25.825242718446603
LAWN AND GARDEN,7,33.445544554455445
LAWN AND GARDEN,8,35.09803921568628
LAWN AND GARDEN,9,42.59183673469388
LAWN AND GARDEN,10,47.5625
LAWN AND GARDEN,11,55.23880597014925
LAWN AND GARDEN,12,58.81578947368421
LAWN AND GARDEN,13,68.75
LAWN AND GARDEN,14,83.0
LAWN AND GARDEN,15,64.0
LINGERIE,0,7.054316562679765
LINGERIE,1,11.165471594043023
LINGERIE,2,11.932642487046632
LINGERIE,3,23.18032786885246
LINGERIE,4,13.486486486486486
LINGERIE,5,63.52173913043478
LINGERIE,6,34.958333333333336
LINGERIE,7,11.666666666666666
LINGERIE,8,16.5
LINGERIE,9,22.5
LINGERIE,10,26.0
LINGERIE,12,15.0
"LIQUOR,WINE,BEER",0,77.01551775187747
"LIQUOR,WINE,BEER",1,92.82454207409448
"LIQUOR,WINE,BEER",2,91.47848537005163
"LIQUOR,WINE,BEER",3,125.09708737864078
"LIQUOR,WINE,BEER",4,135.74809160305344
"LIQUOR,WINE,BEER",5,167.39786856127887
"LIQUOR,WINE,BEER",6,215.63896457765668
"LIQUOR,WINE,BEER",7,271.48477157360406
"LIQUOR,WINE,BEER",8,338.49484536082474
"LIQUOR,WINE,BEER",9,383.62745098039215
"LIQUOR,WINE,BEER",10,290.2448979591837
"LIQUOR,WINE,BEER",11,314.25
"LIQUOR,WINE,BEER",12,308.42857142857144
"LIQUOR,WINE,BEER",13,466.6666666666667
"LIQUOR,WINE,BEER",14,413.0
"LIQUOR,WINE,BEER",15,135.0
"LIQUOR,WINE,BEER",16,84.75
"LIQUOR,WINE,BEER",17,137.8
"LIQUOR,WINE,BEER",18,137.0
"LIQUOR,WINE,BEER",19,139.0
"LIQUOR,WINE,BEER",20,192.0
"LIQUOR,WINE,BEER",21,229.0
"LIQUOR,WINE,BEER",22,238.0
"LIQUOR,WINE,BEER",23,302.0
"LIQUOR,WINE,BEER",24,522.3333333333334
"LIQUOR,WINE,BEER",25,342.0
"LIQUOR,WINE,BEER",27,243.0
MAGAZINES,0,2.957581530268755
MAGAZINES,1,2.855421686746988
MAGAZINES,2,3.4473684210526314
MAGAZINES,3,5.032258064516129
MAGAZINES,4,10.1
MAGAZINES,5,16.0
MAGAZINES,6,9.0
MEATS,0,302.9493593957961
MEATS,1,404.42204779210493
MEATS,2,434.7746962615778
MEATS,3,500.9227623294737
MEATS,4,534.6390324179105
MEATS,5,518.4091810150377
MEATS,6,357.5237052352941
MEATS,7,248.28112496875
MEATS,8,225.76529114583332
MEATS,9,202.00236777941177
MEATS,10,325.2989413806452
MEATS,11,299.6638589497487
MEATS,12,302.5950776753247
MEATS,13,190.4969625911111
MEATS,14,169.72800001639345
MEATS,15,155.80014907446807
MEATS,16,184.99054296022726
MEATS,17,212.24277371800434
MEATS,18,224.76739707444668
MEATS,19,283.5840318362832
MEATS,20,311.318734
MEATS,21,377.34065870243904
MEATS,22,409.879726
MEATS,23,439.20897053254436
MEATS,24,396.51915748031496
MEATS,25,514.5362160869565
MEATS,26,298.3335
MEATS,27,193.77677666666668
MEATS,28,214.49388851851853
MEATS,29,258.37061928571427
MEATS,30,279.4087690384615
MEATS,31,275.5265525
MEATS,32,290.40582494845364
MEATS,33,293.53497382608697
MEATS,34,295.0346000769231
MEATS,35,289.24113385826774
MEATS,36,308.1223229752066
MEATS,37,363.08231991596637
MEATS,38,348.8833164102564
MEATS,39,335.8140243801653
MEATS,40,437.66918508064515
MEATS,41,451.36117290123457
MEATS,42,532.3525539285714
MEATS,43,611.8477819
MEATS,44,685.5381529302325
MEATS,45,680.1399762934362
MEATS,46,819.020585970696
MEATS,47,867.2207952396167
MEATS,48,912.602165936508
MEATS,49,1018.5842512333332
MEATS,50,1039.827831038961
MEATS,51,1139.8761948201438
MEATS,52,1310.1593240444445
MEATS,53,1410.849469811321
MEATS,54,1410.1002564233577
MEATS,55,1393.01721875
MEATS,56,1737.153
PERSONAL CARE,0,220.73617761484363
PERSONAL CARE,1,312.11119911294156
PERSONAL CARE,2,351.5324096981692
PERSONAL CARE,3,340.8731151158514
PERSONAL CARE,4,303.41653726708074
PERSONAL CARE,5,303.58058674393334
PERSONAL CARE,6,325.9727088948787
PERSONAL CARE,7,312.0351724137931
PERSONAL CARE,8,328.33883994126285
PERSONAL CARE,9,326.8863810252487
PERSONAL CARE,10,352.2621489077129
PERSONAL CARE,11,383.77027027027026
PERSONAL CARE,12,401.87803360298693
PERSONAL CARE,13,424.07522123893807
PERSONAL CARE,14,424.6986301369863
PERSONAL CARE,15,421.85714285714283
PERSONAL CARE,16,397.264631043257
PERSONAL CARE,17,402.3292181069959
PERSONAL CARE,18,390.16129032258067
PERSONAL CARE,19,442.3636363636364
PERSONAL CARE,20,387.61
PERSONAL CARE,21,460.86764705882354
PERSONAL CARE,22,476.7692307692308
PERSONAL CARE,23,500.1333333333333
PERSONAL CARE,24,455.7894736842105
PERSONAL CARE,25,458.94444444444446
PERSONAL CARE,26,544.6666666666666
PERSONAL CARE,27,423.5
PERSONAL CARE,28,543.7142857142857
PERSONAL CARE,29,481.25
PERSONAL CARE,32,116.0
PERSONAL CARE,33,131.0
PERSONAL CARE,35,83.0
PERSONAL CARE,37,92.0
PERSONAL CARE,38,116.5
PERSONAL CARE,39,151.0
PERSONAL CARE,41,155.4
PERSONAL CARE,42,180.0
PERSONAL CARE,43,135.66666666666666
PERSONAL CARE,46,184.6
PERSONAL CARE,47,187.0
PERSONAL CARE,48,229.0
PERSONAL CARE,49,181.0
PERSONAL CARE,50,150.0
PERSONAL CARE,51,356.3333333333333
PERSONAL CARE,52,294.0
PERSONAL CARE,53,290.2
PERSONAL CARE,54,250.0
PERSONAL CARE,56,225.0
PERSONAL CARE,59,380.0
PERSONAL CARE,60,373.0
PERSONAL CARE,65,234.0
PERSONAL CARE,67,7504.0
PERSONAL CARE,72,327.0
PERSONAL CARE,73,294.6666666666667
PERSONAL CARE,74,332.0
PERSONAL CARE,75,358.0
PERSONAL CARE,77,373.0
PERSONAL CARE,78,515.6666666666666
PERSONAL CARE,79,4946.0
PERSONAL CARE,81,719.3333333333334
PERSONAL CARE,83,409.6
PERSONAL CARE,84,407.0
PERSONAL CARE,87,507.5
PERSONAL CARE,88,373.0
PERSONAL CARE,89,377.5
PERSONAL CARE,90,565.0
PERSONAL CARE,94,508.0
PERSONAL CARE,96,667.5
PERSONAL CARE,97,2885.0
PERSONAL CARE,98,737.0
PERSONAL CARE,99,666.0
PET SUPPLIES,0,3.525777002080956
PET SUPPLIES,1,15.930546412113232
PET SUPPLIES,2,20.433333333333334
PET SUPPLIES,3,4.133333333333334
PET SUPPLIES,4,5.916666666666667
PET SUPPLIES,5,9.0
PET SUPPLIES,6,8.0
PLAYERS AND ELECTRONICS,0,6.127123174097549
PLAYERS AND ELECTRONICS,1,15.910891089108912
PLAYERS AND ELECTRONICS,2,18.139130434782608
PLAYERS AND ELECTRONICS,3,10.372093023255815
PLAYERS AND ELECTRONICS,4,10.95
PLAYERS AND ELECTRONICS,5,11.91304347826087
PLAYERS AND ELECTRONICS,6,17.833333333333332
PLAYERS AND ELECTRONICS,7,13.636363636363637
PLAYERS AND ELECTRONICS,8,22.285714285714285
PLAYERS AND ELECTRONICS,9,28.285714285714285
PLAYERS AND ELECTRONICS,10,43.5
PLAYERS AND ELECTRONICS,11,45.0
PLAYERS AND ELECTRONICS,12,51.0
PLAYERS AND ELECTRONICS,13,53.25
PLAYERS AND ELECTRONICS,14,50.285714285714285
PLAYERS AND ELECTRONICS,15,55.0
PLAYERS AND ELECTRONICS,16,85.0
POULTRY,0,313.3226587229466
POULTRY,1,476.22629115285065
POULTRY,2,457.2728825307229
POULTRY,3,444.447444745223
POULTRY,4,527.2323724028777
POULTRY,5,404.9532513101852
POULTRY,6,415.8582210056497
POULTRY,7,211.9080204931507
POULTRY,8,204.5369922142857
POULTRY,9,183.70984053296704
POULTRY,10,171.85311804059043
POULTRY,11,216.76241696505377
POULTRY,12,151.0053160874036
POULTRY,13,164.80558767184036
POULTRY,14,183.99523499019608
POULTRY,15,190.4561087904509
POULTRY,16,220.52229087009064
POULTRY,17,252.08397581654677
POULTRY,18,293.368676965251
POULTRY,19,295.61701374468083
POULTRY,20,306.0520986872587
POULTRY,21,302.25335130081305
POULTRY,22,284.14132442922374
POULTRY,23,262.46683396984923
POULTRY,24,275.2768655913979
POULTRY,25,260.70315766304344
POULTRY,26,276.90284653333333
POULTRY,27,273.669452260274
POULTRY,28,328.15620049999995
POULTRY,29,369.16615365384615
POULTRY,30,445.1084285714286
POULTRY,31,561.7388371856288
POULTRY,32,662.0104368027211
POULTRY,33,940.5740943333334
POULTRY,34,937.0635327745664
POULTRY,35,1052.6645803755869
POULTRY,36,1083.088723945946
POULTRY,37,916.2616243378995
POULTRY,38,909.9192231818182
POULTRY,39,1012.0455801226993
POULTRY,40,1062.4943925679759
POULTRY,41,1044.3608263265305
POULTRY,42,1098.3497622702703
POULTRY,43,1271.419235639535
POULTRY,44,1278.2391033636363
POULTRY,45,1495.02218703125
POULTRY,46,1763.3770180000001
POULTRY,47,1579.0185384615384
POULTRY,48,1743.0036
PREPARED FOODS,0,92.59640305309064
PREPARED FOODS,1,119.99291620186614
PREPARED FOODS,2,135.28412895771245
PREPARED FOODS,3,139.54041643598055
PREPARED FOODS,4,68.16771696206897
PREPARED FOODS,5,45.346254122112214
PREPARED FOODS,6,50.52850381265823
PREPARED FOODS,7,57.98936360442261
PREPARED FOODS,8,62.79543793670886
PREPARED FOODS,9,68.31405328
PREPARED FOODS,10,72.3712842538071
PREPARED FOODS,11,78.23679530708661
PREPARED FOODS,12,90.29997142857142
PREPARED FOODS,13,110.03941666666667
PREPARED FOODS,14,160.7115
PRODUCE,0,794.3993375063054
PRODUCE,1,2127.897865186169
PRODUCE,2,1630.2572979431022
PRODUCE,3,1934.841894073336
PRODUCE,4,2083.8784093455247
PRODUCE,5,2317.7962671333335
PRODUCE,6,2444.2225896431755
PRODUCE,7,2373.862910931076
PRODUCE,8,2839.789580952381
PRODUCE,9,3595.7797731200003
PRODUCE,10,4252.91971785872
PRODUCE,11,3941.068807630522
PRODUCE,12,2423.0359087037036
PRODUCE,13,2757.3836830898877
PRODUCE,14,2146.4795861904763
PRODUCE,15,2920.040845508982
PRODUCE,16,2079.08740752
PRODUCE,17,1838.4053495652174
PRODUCE,18,2811.3040505128206
PRODUCE,19,2407.932295744681
PRODUCE,20,2538.693934375
PRODUCE,21,2479.990596
PRODUCE,22,2740.660238461538
PRODUCE,23,1356.0655555555556
PRODUCE,24,1548.268909090909
PRODUCE,25,1603.6465714285714
PRODUCE,26,1771.3147142857142
PRODUCE,27,1829.294625
PRODUCE,28,1405.6137777777776
PRODUCE,29,1671.8829285714287
PRODUCE,30,2006.4713631578948
PRODUCE,31,1907.8815333333332
PRODUCE,32,2114.2322916666667
PRODUCE,33,2408.4662916666666
PRODUCE,34,2602.073518205128
PRODUCE,35,2025.5962666666665
PRODUCE,36,2650.4517005999996
PRODUCE,37,2608.703448979592
PRODUCE,38,2997.9237945945947
PRODUCE,39,2419.7812904109587
PRODUCE,40,2341.931120289855
PRODUCE,41,2458.8020344827587
PRODUCE,42,2148.136477142857
PRODUCE,43,1608.320721147541
PRODUCE,44,1755.987083888889
PRODUCE,45,427.0957333333333
PRODUCE,46,349.6359166666667
PRODUCE,47,299.1261666666667
PRODUCE,48,1135.1745999999998
PRODUCE,49,1249.7295714285715
PRODUCE,50,1182.9802857142859
PRODUCE,51,1090.452888888889
PRODUCE,52,886.9495999999999
PRODUCE,53,1392.9397800000002
PRODUCE,54,505.40514285714283
PRODUCE,55,379.1953
PRODUCE,56,387.906625
PRODUCE,57,302.8257857142857
PRODUCE,58,359.15843684210523
PRODUCE,59,357.42205263157894
PRODUCE,60,398.2401111111111
PRODUCE,61,407.4039375
PRODUCE,62,419.264
PRODUCE,63,474.4783076923077
PRODUCE,64,474.2856842105263
PRODUCE,65,546.0045007142857
PRODUCE,66,488.78480884615385
PRODUCE,67,546.7735230434782
PRODUCE,68,528.4665104444445
PRODUCE,69,583.3325856756758
PRODUCE,70,615.4613737931035
PRODUCE,71,574.0634313725491
PRODUCE,72,627.0998326923077
PRODUCE,73,576.2832241818181
PRODUCE,74,630.3480476785714
PRODUCE,75,637.1058241176471
PRODUCE,76,713.9433148148148
PRODUCE,77,727.19221
PRODUCE,78,679.1949683606557
PRODUCE,79,862.2473098275863
PRODUCE,80,841.4215671641791
PRODUCE,81,898.7510625
PRODUCE,82,819.1920750746269
PRODUCE,83,923.6868375806451
PRODUCE,84,960.6478857142857
PRODUCE,85,926.6519328888888
PRODUCE,86,978.55629375
PRODUCE,87,1097.9817546938775
PRODUCE,88,1103.1427142857142
PRODUCE,89,1252.369033448276
PRODUCE,90,1301.9399006666667
PRODUCE,91,1399.9149583333335
PRODUCE,92,1528.364913043478
PRODUCE,93,1450.5875789473685
PRODUCE,94,1443.8229954545454
PRODUCE,95,1503.2266842105264
PRODUCE,96,1614.440409090909
PRODUCE,97,1742.6320655172412
PRODUCE,98,1649.55275
PRODUCE,99,1698.5279199999998
PRODUCE,100,1811.4086153846156
PRODUCE,101,1744.535971875
PRODUCE,102,1814.583737037037
PRODUCE,103,1675.3438931034484
PRODUCE,104,1793.1658
PRODUCE,105,1650.9670264285714
PRODUCE,106,1659.8055
PRODUCE,107,2020.9347292682928
PRODUCE,108,1904.2344431707315
PRODUCE,109,1961.5569333333335
PRODUCE,110,2078.5592076923076
PRODUCE,111,1809.624626
PRODUCE,112,1973.18243
PRODUCE,113,1928.3805799999998
PRODUCE,114,1816.5280522413793
PRODUCE,115,1798.6636688888889
PRODUCE,116,1856.0799411764706
PRODUCE,117,1780.6062113157896
PRODUCE,118,1908.7971113207548
PRODUCE,119,1941.0134163636362
PRODUCE,120,2024.1213809523808
PRODUCE,121,1840.1486159090907
PRODUCE,122,1963.5297872340425
PRODUCE,123,1985.5161310344827
PRODUCE,124,2069.295875625
PRODUCE,125,2115.698430952381
PRODUCE,126,2062.0285127272728
PRODUCE,127,2147.421999032258
PRODUCE,128,2218.999437352941
PRODUCE,129,2189.3398333333334
PRODUCE,130,2012.5524516129033
PRODUCE,131,2099.1051888888887
PRODUCE,132,2262.444502777778
PRODUCE,133,2163.8680789473683
PRODUCE,134,2277.85370952381
PRODUCE,135,2254.3149160000003
PRODUCE,136,2375.8099354838714
PRODUCE,137,2214.947803846154
PRODUCE,138,2454.819633333333
PRODUCE,139,2296.5760692307695
PRODUCE,140,2329.927857142857
PRODUCE,141,2318.892226923077
PRODUCE,142,2531.7364074074076
PRODUCE,143,2446.600594736842
PRODUCE,144,2407.707145
PRODUCE,145,2550.419156
PRODUCE,146,2582.989625
PRODUCE,147,2654.4549742857143
PRODUCE,148,2820.5851533333334
PRODUCE,149,3027.2104
PRODUCE,150,2783.7795384615383
PRODUCE,151,3134.075002857143
PRODUCE,152,3025.5474548387097
PRODUCE,153,2983.0313607142857
PRODUCE,154,3065.048869565217
PRODUCE,155,3048.6746464285716
PRODUCE,156,2644.4803500000003
PRODUCE,157,2936.486380769231
PRODUCE,158,2661.165836363636
PRODUCE,159,3411.5022894736844
PRODUCE,160,2756.194111111111
PRODUCE,161,3014.0540882352943
PRODUCE,162,3136.157811538462
PRODUCE,163,3126.297257142857
PRODUCE,164,3085.118732352941
PRODUCE,165,3613.055583870968
PRODUCE,166,3956.0289236842104
PRODUCE,167,3645.4786585365855
PRODUCE,168,3466.4172
PRODUCE,169,3394.226558536586
PRODUCE,170,3264.2534358974362
PRODUCE,171,3519.4293947368424
PRODUCE,172,4076.759085
PRODUCE,173,3595.950027777778
PRODUCE,174,4541.412
PRODUCE,175,3985.638064516129
PRODUCE,176,3647.710496
PRODUCE,177,4892.088606976744
PRODUCE,178,4589.373213461538
PRODUCE,179,3852.8636375
PRODUCE,180,4652.6434345454545
PRODUCE,181,5034.340323404255
PRODUCE,182,4382.950813461538
PRODUCE,183,5071.315228070175
PRODUCE,184,4474.008278723404
PRODUCE,185,4377.1241672131155
PRODUCE,186,4623.923630232558
PRODUCE,187,4494.555506122449
PRODUCE,188,4403.209418604652
PRODUCE,189,3960.1565075
PRODUCE,190,4932.7496363636365
PRODUCE,191,4267.733346938776
PRODUCE,192,3874.4175499999997
PRODUCE,193,5335.984141860466
PRODUCE,194,4287.499914893617
PRODUCE,195,4990.381542857142
PRODUCE,196,5218.108413793104
PRODUCE,197,5116.6422551020405
PRODUCE,198,4934.670944444445
PRODUCE,199,5623.852891891892
PRODUCE,200,4860.468257894737
PRODUCE,201,5918.19505
PRODUCE,202,5353.89885
PRODUCE,203,5245.651756097561
PRODUCE,204,5792.943635897436
PRODUCE,205,5719.02996
PRODUCE,206,5891.681205882353
PRODUCE,207,5897.081976271186
PRODUCE,208,6372.02659375
PRODUCE,209,6064.318753333333
PRODUCE,210,6494.086163768116
PRODUCE,211,5772.464737704918
PRODUCE,212,6239.430072463768
PRODUCE,213,5964.121918644068
PRODUCE,214,6425.590804878048
PRODUCE,215,6759.544989285714
PRODUCE,216,6549.938977083333
PRODUCE,217,7231.1277666666665
PRODUCE,218,7708.241747826088
PRODUCE,219,6356.213765517242
PRODUCE,220,6507.764612903226
PRODUCE,221,7311.78497
PRODUCE,222,7958.213677419355
PRODUCE,223,7485.219838709678
PRODUCE,224,6392.118414285715
PRODUCE,225,7666.396666666666
PRODUCE,226,8221.765
PRODUCE,227,7506.712500000001
PRODUCE,228,9092.185552173913
PRODUCE,229,8631.234153846153
PRODUCE,230,7093.150117647058
PRODUCE,231,9683.625333333333
PRODUCE,232,7422.984909090909
PRODUCE,233,9396.424727272726
PRODUCE,234,9579.789277777778
PRODUCE,235,8731.128330769232
PRODUCE,236,9373.002952380954
PRODUCE,237,9155.095142857142
PRODUCE,238,9090.646833333334
PRODUCE,239,7451.423199999999
PRODUCE,240,9017.912333333334
PRODUCE,241,10084.089166666667
PRODUCE,242,9972.568444444443
PRODUCE,243,8971.9900625
PRODUCE,244,10527.785333333333
PRODUCE,245,10176.826333333333
PRODUCE,246,11490.971
PRODUCE,247,11305.05
PRODUCE,248,12169.133
PRODUCE,249,12377.413
PRODUCE,250,12231.239
PRODUCE,251,10599.315666666667
PRODUCE,252,11089.586
SCHOOL AND OFFICE SUPPLIES,0,1.024075938769276
SCHOOL AND OFFICE SUPPLIES,1,17.550802139037433
SCHOOL AND OFFICE SUPPLIES,2,19.721455457967377
SCHOOL AND OFFICE SUPPLIES,3,21.44122383252818
SCHOOL AND OFFICE SUPPLIES,4,26.45633187772926
SCHOOL AND OFFICE SUPPLIES,5,37.17272727272727
SCHOOL AND OFFICE SUPPLIES,6,48.71296296296296
SCHOOL AND OFFICE SUPPLIES,7,67.40571428571428
SCHOOL AND OFFICE SUPPLIES,8,84.95867768595042
SCHOOL AND OFFICE SUPPLIES,9,89.55844155844156
SCHOOL AND OFFICE SUPPLIES,10,141.7171717171717
SCHOOL AND OFFICE SUPPLIES,11,271.32758620689657
SCHOOL AND OFFICE SUPPLIES,12,437.23636363636365
SCHOOL AND OFFICE SUPPLIES,13,433.89473684210526
SCHOOL AND OFFICE SUPPLIES,14,526.5
SEAFOOD,0,19.17635378846749
SEAFOOD,1,26.648604400892346
SEAFOOD,2,31.04767999025671
SEAFOOD,3,29.948388011759654
SEAFOOD,4,22.8507129610687
SEAFOOD,5,38.21984898167939
SEAFOOD,6,67.33610121728395
SEAFOOD,7,96.12366882214155
